vehicle_id,class,class_agreement,n_frames,first_frame,last_frame,duration_sec,mean_confidence,max_confidence,best_frame_id,best_frame_area,best_frame_confidence
1,car,1.0,25,0,24,0.83,0.9091,0.9754,0,123548.7,0.9754
2,car,1.0,42,0,41,1.4,0.8796,0.9526,22,72437.7,0.9158
3,car,1.0,113,0,112,3.77,0.9182,0.9486,96,88510.4,0.9416
4,rickshaw,0.949,39,0,38,1.3,0.9128,0.9614,31,27515.7,0.9614
5,bike,1.0,71,0,70,2.37,0.9175,0.9421,65,47671.1,0.9318
6,car,1.0,90,0,89,3.0,0.9101,0.9464,72,75188.6,0.9231
7,rickshaw,1.0,16,0,15,0.53,0.8969,0.9171,2,18408.0,0.9171
8,bike,1.0,43,0,42,1.43,0.9026,0.9257,38,39628.4,0.9149
9,car,0.994,173,0,172,5.77,0.9023,0.9872,155,127958.1,0.9833
10,car,1.0,130,0,129,4.33,0.8869,0.9637,110,79842.8,0.9196
11,bike,1.0,87,0,86,2.9,0.9037,0.9547,75,38001.4,0.9182
12,bike,1.0,21,0,20,0.7,0.8672,0.9136,12,28537.4,0.9113
13,bike,1.0,181,0,180,6.03,0.9019,0.9417,176,43399.2,0.932
14,car,1.0,413,0,412,13.77,0.7576,0.8939,71,11208.3,0.874
15,bike,1.0,130,0,129,4.33,0.8832,0.9369,125,36046.2,0.9183
16,car,1.0,413,0,412,13.77,0.7965,0.8568,287,8032.5,0.6514
17,bike,1.0,68,0,67,2.27,0.8655,0.9224,62,11987.5,0.9015
18,car,1.0,383,0,412,12.77,0.7623,0.9198,99,8157.7,0.8724
19,bike,1.0,92,0,96,3.07,0.7589,0.8587,77,2292.9,0.8398
20,bike,1.0,55,0,54,1.83,0.8402,0.934,48,42022.9,0.9046
21,bike,1.0,18,0,17,0.6,0.5846,0.6652,2,737.2,0.6651
22,bike,1.0,329,0,330,10.97,0.7177,0.9397,322,38685.6,0.8938
23,car,1.0,199,0,198,6.63,0.8691,0.9616,187,42779.6,0.9458
24,bike,0.936,157,0,156,5.23,0.8227,0.9515,153,11059.8,0.9515
25,car,1.0,405,0,412,13.5,0.5907,0.766,407,4674.1,0.7456
26,bike,1.0,37,0,36,1.23,0.5781,0.7848,25,1823.6,0.7834
27,bus,1.0,400,0,412,13.33,0.6374,0.8678,291,5751.0,0.8317
28,car,1.0,41,0,47,1.37,0.397,0.5563,33,2410.8,0.5105
29,car,1.0,17,0,19,0.57,0.4434,0.4741,17,2662.1,0.4735
30,bike,1.0,10,0,9,0.33,0.4839,0.5526,9,657.1,0.5526
31,bike,1.0,13,0,12,0.43,0.4076,0.4493,9,927.5,0.4493
32,car,1.0,267,0,270,8.9,0.8053,0.9451,259,86446.4,0.9421
33,bike,1.0,34,0,33,1.13,0.3532,0.4707,21,1284.3,0.4707
34,rickshaw,1.0,11,0,11,0.37,0.257,0.2946,9,1752.9,0.2946
35,bike,1.0,1,0,0,0.03,0.1696,0.1696,0,947.3,0.1696
36,bike,1.0,1,0,0,0.03,0.1689,0.1689,0,1389.2,0.1689
37,rickshaw,1.0,1,0,0,0.03,0.1602,0.1602,0,750.1,0.1602
38,car,1.0,32,0,47,1.07,0.2533,0.3089,29,3007.5,0.3072
39,car,1.0,1,0,0,0.03,0.1264,0.1264,0,953.2,0.1264
40,bike,1.0,15,0,26,0.5,0.2452,0.3136,15,1133.6,0.3136
41,car,1.0,1,0,0,0.03,0.112,0.112,0,732.2,0.112
128,car,1.0,41,14,54,1.37,0.8998,0.9041,14,2586.5,0.8971
129,car,1.0,41,14,54,1.37,0.8975,0.9153,44,8050.2,0.9139
130,bike,1.0,41,14,54,1.37,0.7988,0.8111,50,761.2,0.8046
131,bike,1.0,41,14,54,1.37,0.7675,0.8165,30,1408.0,0.806
132,rickshaw,1.0,41,14,54,1.37,0.32,0.5843,14,657.3,0.5843
133,rickshaw,1.0,41,14,54,1.37,0.5366,0.5856,52,1105.2,0.5856
134,rickshaw,0.907,43,14,56,1.43,0.8365,0.934,45,46745.6,0.8776
138,rickshaw,1.0,41,14,54,1.37,0.6825,0.7137,48,1306.6,0.7124
146,bike,1.0,40,15,54,1.33,0.5137,0.5399,30,634.9,0.5396
165,bike,1.0,38,17,54,1.27,0.3907,0.4257,30,759.1,0.4257
187,bike,1.0,2,20,21,0.07,0.2927,0.3232,20,971.5,0.3232
234,car,1.0,9,27,35,0.3,0.347,0.4529,32,9433.2,0.4529
254,bike,1.0,49,31,85,1.63,0.2884,0.3611,82,549.5,0.3611
267,bike,1.0,18,33,50,0.6,0.4841,0.6318,36,1145.5,0.6281
294,rickshaw,1.0,2,38,39,0.07,0.5213,0.6435,39,12065.7,0.6435
295,bike,1.0,4,38,41,0.13,0.3241,0.33,41,657.9,0.3198
330,car,1.0,6,45,50,0.2,0.3744,0.4378,47,5704.0,0.4376
350,bike,1.0,209,48,256,6.97,0.6901,0.9421,252,13762.0,0.9421
415,car,0.8,5,56,60,0.17,0.6122,0.6494,57,23173.2,0.6264
416,bike,1.0,3,56,58,0.1,0.4476,0.5182,56,464.7,0.5182
449,bike,1.0,90,60,149,3.0,0.8567,0.9475,146,19156.5,0.9371
465,bike,1.0,1,62,62,0.03,0.3221,0.3221,62,1025.8,0.3221
506,bike,1.0,15,67,81,0.5,0.4768,0.6869,70,736.8,0.6869
515,bike,1.0,111,68,192,3.7,0.3922,0.5437,170,1335.4,0.5408
532,bike,1.0,46,70,115,1.53,0.472,0.7898,72,966.0,0.7895
545,bike,1.0,1,72,72,0.03,0.3402,0.3402,72,10378.2,0.3402
589,rickshaw,1.0,30,79,123,1.0,0.3811,0.5268,80,1732.8,0.499
599,car,1.0,34,81,119,1.13,0.4569,0.6514,93,3458.2,0.6514
621,bike,1.0,28,84,111,0.93,0.6701,0.8299,99,1120.0,0.8299
679,bike,1.0,1,92,92,0.03,0.3674,0.3674,92,1538.1,0.3674
714,bike,1.0,22,95,140,0.73,0.3832,0.487,104,1239.7,0.487
740,car,0.609,179,98,287,5.97,0.6237,0.9131,280,18946.5,0.8362
741,bike,1.0,20,98,132,0.67,0.4238,0.4929,107,663.7,0.4779
826,car,0.929,14,110,123,0.47,0.377,0.528,123,1809.2,0.528
848,bike,1.0,5,113,131,0.17,0.5816,0.6798,130,14075.4,0.6798
861,bike,1.0,213,114,339,7.1,0.7166,0.9259,326,21971.3,0.8881
886,bike,1.0,296,117,412,9.87,0.6342,0.8787,408,834.1,0.8667
951,bike,1.0,2,124,125,0.07,0.3127,0.3148,124,912.7,0.3148
975,car,0.747,225,127,366,7.5,0.5967,0.9452,359,36897.8,0.8636
976,car,0.88,166,127,294,5.53,0.4968,0.7564,293,4160.2,0.6951
984,car,0.6,5,128,132,0.17,0.4415,0.5048,129,1920.5,0.5048
1006,bike,1.0,11,131,141,0.37,0.2929,0.3236,131,740.6,0.3043
1037,car,1.0,2,136,137,0.07,0.4225,0.4242,136,2190.9,0.4242
1040,rickshaw,1.0,18,136,153,0.6,0.3156,0.3978,140,1964.1,0.3978
1061,bus,1.0,26,138,186,0.87,0.3198,0.4423,174,290754.1,0.4423
1087,rickshaw,1.0,4,142,145,0.13,0.3626,0.3652,145,2381.3,0.3652
1127,bike,1.0,1,146,146,0.03,0.3378,0.3378,146,3903.9,0.3378
1154,car,1.0,263,150,412,8.77,0.7284,0.9506,405,80842.3,0.883
1200,bike,1.0,198,155,362,6.6,0.7762,0.9431,356,10726.6,0.9085
1230,rickshaw,1.0,2,157,158,0.07,0.4763,0.48,157,2890.1,0.48
1232,bike,1.0,15,157,171,0.5,0.4993,0.61,162,508.8,0.61
1242,bike,1.0,1,158,158,0.03,0.5189,0.5189,158,4320.2,0.5189
1243,bus,0.981,156,158,332,5.2,0.6617,0.8832,203,22755.7,0.8029
1244,bike,1.0,33,158,190,1.1,0.3195,0.3862,171,2373.5,0.3803
1281,rickshaw,1.0,2,161,162,0.07,0.4591,0.5325,162,2789.0,0.5325
1333,car,0.667,6,165,170,0.2,0.401,0.4466,168,1382.5,0.4466
1334,rickshaw,1.0,1,165,165,0.03,0.3978,0.3978,165,2841.1,0.3978
1361,car,1.0,229,168,396,7.63,0.8104,0.9524,386,86145.4,0.9484
1372,bike,1.0,224,169,392,7.47,0.7918,0.9367,375,4984.7,0.9067
1408,car,1.0,46,173,258,1.53,0.2646,0.3749,174,3131.4,0.3749
1478,bike,1.0,1,182,182,0.03,0.4519,0.4519,182,5953.2,0.4519
1507,bus,0.5,4,185,188,0.13,0.3466,0.464,188,1550.1,0.464
1552,bus,0.714,7,191,197,0.23,0.4856,0.5893,197,26239.7,0.5186
1553,rickshaw,1.0,2,191,192,0.07,0.3375,0.3375,191,1697.0,0.3375
1574,car,1.0,3,194,196,0.1,0.3494,0.3538,196,1501.9,0.3534
1597,bike,1.0,101,196,296,3.37,0.856,0.9461,292,16634.0,0.9228
1620,car,1.0,215,198,412,7.17,0.8285,0.9526,411,35786.2,0.9277
1621,car,1.0,7,198,204,0.23,0.4148,0.478,203,1126.0,0.478
1622,bike,1.0,54,198,252,1.8,0.3116,0.3855,220,503.8,0.3855
1646,car,1.0,1,200,200,0.03,0.5697,0.5697,200,9665.8,0.5697
1647,car,1.0,8,200,210,0.27,0.2767,0.3148,200,2264.4,0.3148
1740,car,0.824,17,208,224,0.57,0.4642,0.5962,220,2252.4,0.5953
1760,car,1.0,15,211,226,0.5,0.696,0.8598,217,2272.0,0.8587
1772,bike,1.0,22,213,234,0.73,0.4051,0.5696,218,570.1,0.5641
1779,rickshaw,1.0,5,214,218,0.17,0.3807,0.4378,216,2161.0,0.4378
1790,car,1.0,187,215,412,6.23,0.8275,0.953,389,11569.8,0.9336
1897,bike,1.0,47,228,274,1.57,0.4563,0.6347,236,1150.2,0.6347
1900,car,0.956,181,228,412,6.03,0.7972,0.9545,410,77139.6,0.9391
1907,car,1.0,2,229,230,0.07,0.4368,0.4423,229,7003.1,0.4423
1928,bike,1.0,3,232,234,0.1,0.3279,0.3281,234,1598.0,0.3281
1965,bus,1.0,5,236,240,0.17,0.414,0.4256,237,2884.2,0.4256
1986,car,0.571,7,238,248,0.23,0.3583,0.4361,240,2495.9,0.4361
2066,car,1.0,31,245,282,1.03,0.5637,0.8349,272,5755.9,0.8349
2072,car,1.0,165,245,412,5.5,0.8145,0.9307,412,46743.2,0.896
2073,car,1.0,7,246,252,0.23,0.507,0.5624,249,2046.7,0.5612
2085,car,0.5,6,248,260,0.2,0.4541,0.503,252,10221.6,0.5024
2118,car,1.0,5,254,258,0.17,0.3971,0.4857,255,4204.4,0.4857
2138,bus,1.0,36,257,292,1.2,0.7078,0.84,259,27969.9,0.8373
2159,bike,0.884,86,259,363,2.87,0.3318,0.5141,357,1119.5,0.4421
2166,car,1.0,143,260,412,4.77,0.5678,0.8046,352,4395.5,0.8033
2168,bus,1.0,3,260,262,0.1,0.4113,0.4331,261,8644.1,0.4286
2169,car,1.0,7,260,270,0.23,0.3516,0.4813,264,3254.7,0.4813
2253,bike,0.929,99,269,369,3.3,0.4717,0.7135,286,645.8,0.6997
2282,car,1.0,1,272,272,0.03,0.7889,0.7889,272,19400.3,0.7889
2283,bike,1.0,47,272,326,1.57,0.694,0.8845,306,1155.3,0.8845
2318,bike,1.0,107,275,381,3.57,0.7069,0.9177,369,2310.4,0.8705
2328,car,0.714,7,276,282,0.23,0.6371,0.8378,279,19282.7,0.8378
2392,bike,1.0,130,283,412,4.33,0.6455,0.8519,380,1026.4,0.8458
2413,car,1.0,5,286,290,0.17,0.5015,0.5606,288,16147.5,0.5606
2428,bike,0.699,103,288,412,3.43,0.3744,0.6657,401,1342.0,0.6394
2441,car,0.956,90,290,410,3.0,0.4718,0.7827,346,2492.1,0.7801
2509,bike,1.0,64,301,412,2.13,0.3206,0.417,380,1340.1,0.4101
2522,car,1.0,110,303,412,3.67,0.7695,0.9085,412,3786.3,0.8913
2589,bike,1.0,90,311,412,3.0,0.623,0.8858,412,2015.0,0.8858
2615,car,1.0,1,312,312,0.03,0.6232,0.6232,312,3860.5,0.6232
2619,bike,1.0,8,313,320,0.27,0.3401,0.4049,317,566.6,0.4049
2627,car,1.0,99,314,412,3.3,0.789,0.8836,412,2727.3,0.8493
2649,car,1.0,1,317,317,0.03,0.3938,0.3938,317,2097.6,0.3938
2692,rickshaw,1.0,1,322,322,0.03,0.5044,0.5044,322,11762.7,0.5044
2715,bike,1.0,85,324,412,2.83,0.7734,0.9229,393,2946.6,0.8554
2738,bike,1.0,4,326,329,0.13,0.3333,0.3401,328,959.1,0.3329
2799,bike,1.0,81,332,412,2.7,0.6769,0.9114,411,1070.8,0.8797
2830,bike,1.0,4,334,338,0.13,0.3944,0.4293,335,990.1,0.4293
2868,bike,1.0,75,338,412,2.5,0.7153,0.9264,403,3721.9,0.9263
2894,rickshaw,0.821,39,339,378,1.3,0.7739,0.9392,366,28325.9,0.92
2915,bike,1.0,42,342,399,1.4,0.4649,0.65,386,705.4,0.5835
2923,car,1.0,14,343,356,0.47,0.4607,0.7383,348,2156.0,0.7383
2950,car,0.737,19,347,372,0.63,0.3923,0.5667,365,16611.1,0.5609
2961,car,1.0,34,348,392,1.13,0.2926,0.3656,349,728.3,0.3656
2962,car,0.8,5,348,354,0.17,0.4194,0.6438,351,15835.3,0.6438
2970,bike,1.0,1,349,349,0.03,0.5065,0.5065,349,1302.1,0.5065
3015,bike,1.0,6,354,359,0.2,0.3538,0.4106,354,461.6,0.4106
3029,bike,1.0,52,356,407,1.73,0.3141,0.4344,390,651.6,0.3831
3077,bike,1.0,30,361,412,1.0,0.333,0.4966,412,833.0,0.4966
3094,bike,1.0,47,364,412,1.57,0.5421,0.7416,412,1402.7,0.7416
3131,rickshaw,0.5,2,368,381,0.07,0.5771,0.602,381,12979.3,0.5521
3132,car,0.75,4,368,383,0.13,0.5714,0.5981,381,13247.1,0.5472
3213,car,1.0,37,376,412,1.23,0.4088,0.452,396,3387.2,0.4502
3225,rickshaw,0.5,4,377,380,0.13,0.6091,0.7169,379,22356.1,0.7076
3299,bike,1.0,4,386,389,0.13,0.3266,0.344,389,2383.4,0.344
3321,bike,1.0,3,389,393,0.1,0.5495,0.7174,390,3833.2,0.7174
3394,bike,1.0,5,398,402,0.17,0.5501,0.7491,400,3720.5,0.7482
3395,car,1.0,1,398,398,0.03,0.3856,0.3856,398,20529.7,0.3856
3396,bike,1.0,15,398,412,0.5,0.6228,0.715,407,933.8,0.715
3397,bike,1.0,1,398,398,0.03,0.3476,0.3476,398,21052.7,0.3476
3528,rickshaw,1.0,4,409,412,0.13,0.4028,0.4684,411,7281.2,0.4401
3529,bike,1.0,4,409,412,0.13,0.3906,0.3967,412,1170.5,0.3867
3539,bike,1.0,2,410,411,0.07,0.2983,0.3036,410,1707.9,0.3036
