video_id,vehicle_id,composite_id,class,violations,violation_count,total_fine,currency,speed_limit_kmh,max_speed_kmh,avg_speed_kmh,first_violation_frame,first_violation_sec,best_frame_id
teammate_video,1,teammate_video_1,car,lane_change,1,500.0,INR,60.0,,,14,0.47,0
teammate_video,2,teammate_video_2,car,,0,0.0,INR,60.0,,,,,22
teammate_video,3,teammate_video_3,car,speeding,1,1442.5,INR,60.0,77.7,48.5,61,2.03,96
teammate_video,4,teammate_video_4,rickshaw,,0,0.0,INR,60.0,,,,,31
teammate_video,5,teammate_video_5,bike,,0,0.0,INR,60.0,,,,,65
teammate_video,6,teammate_video_6,car,speeding,1,1377.5,INR,60.0,75.1,42.7,23,0.77,72
teammate_video,7,teammate_video_7,rickshaw,,0,0.0,INR,60.0,,,,,2
teammate_video,8,teammate_video_8,bike,speeding,1,713.0,INR,60.0,74.2,44.1,19,0.63,38
teammate_video,9,teammate_video_9,car,lane_change;tailgating,2,1250.0,INR,60.0,,,51,1.7,155
teammate_video,10,teammate_video_10,car,speeding,1,1440.0,INR,60.0,77.6,50.1,54,1.8,110
teammate_video,11,teammate_video_11,bike,lane_change;speeding,2,981.0,INR,60.0,75.4,54.4,27,0.9,75
teammate_video,12,teammate_video_12,bike,,0,0.0,INR,60.0,,,,,12
teammate_video,13,teammate_video_13,bike,,0,0.0,INR,60.0,,,,,176
teammate_video,14,teammate_video_14,car,,0,0.0,INR,60.0,,,,,71
teammate_video,15,teammate_video_15,bike,,0,0.0,INR,60.0,,,,,125
teammate_video,16,teammate_video_16,car,,0,0.0,INR,60.0,,,,,287
teammate_video,17,teammate_video_17,bike,,0,0.0,INR,60.0,,,,,62
teammate_video,18,teammate_video_18,car,tailgating,1,750.0,INR,60.0,,,337,11.23,99
teammate_video,19,teammate_video_19,bike,,0,0.0,INR,60.0,,,,,77
teammate_video,20,teammate_video_20,bike,speeding;tailgating,2,1385.5,INR,60.0,95.7,57.7,24,0.8,48
teammate_video,21,teammate_video_21,bike,,0,0.0,INR,60.0,,,,,2
teammate_video,22,teammate_video_22,bike,lane_change;speeding,2,1095.0,INR,60.0,83.0,63.9,279,9.3,322
teammate_video,23,teammate_video_23,car,speeding;tailgating,2,2012.5,INR,60.0,70.5,55.0,61,2.03,187
teammate_video,24,teammate_video_24,bike,,0,0.0,INR,60.0,,,,,153
teammate_video,25,teammate_video_25,car,,0,0.0,INR,60.0,,,,,407
teammate_video,26,teammate_video_26,bike,speeding,1,600.5,INR,60.0,66.7,32.9,19,0.63,25
teammate_video,27,teammate_video_27,bus,tailgating,1,1500.0,INR,60.0,,,281,9.37,291
teammate_video,28,teammate_video_28,car,,0,0.0,INR,60.0,,,,,33
teammate_video,29,teammate_video_29,car,,0,0.0,INR,60.0,,,,,17
teammate_video,30,teammate_video_30,bike,,0,0.0,INR,60.0,,,,,9
teammate_video,31,teammate_video_31,bike,,0,0.0,INR,60.0,,,,,9
teammate_video,32,teammate_video_32,car,speeding,1,1492.5,INR,60.0,79.7,57.6,227,7.57,259
teammate_video,33,teammate_video_33,bike,,0,0.0,INR,60.0,,,,,21
teammate_video,34,teammate_video_34,rickshaw,,0,0.0,INR,60.0,,,,,9
teammate_video,35,teammate_video_35,bike,,0,0.0,INR,60.0,,,,,0
teammate_video,36,teammate_video_36,bike,,0,0.0,INR,60.0,,,,,0
teammate_video,37,teammate_video_37,rickshaw,,0,0.0,INR,60.0,,,,,0
teammate_video,38,teammate_video_38,car,,0,0.0,INR,60.0,,,,,29
teammate_video,39,teammate_video_39,car,,0,0.0,INR,60.0,,,,,0
teammate_video,40,teammate_video_40,bike,,0,0.0,INR,60.0,,,,,15
teammate_video,41,teammate_video_41,car,,0,0.0,INR,60.0,,,,,0
teammate_video,128,teammate_video_128,car,,0,0.0,INR,60.0,,,,,14
teammate_video,129,teammate_video_129,car,,0,0.0,INR,60.0,,,,,44
teammate_video,130,teammate_video_130,bike,,0,0.0,INR,60.0,,,,,50
teammate_video,131,teammate_video_131,bike,,0,0.0,INR,60.0,,,,,30
teammate_video,132,teammate_video_132,rickshaw,,0,0.0,INR,60.0,,,,,14
teammate_video,133,teammate_video_133,rickshaw,,0,0.0,INR,60.0,,,,,52
teammate_video,134,teammate_video_134,rickshaw,,0,0.0,INR,60.0,,,,,45
teammate_video,138,teammate_video_138,rickshaw,,0,0.0,INR,60.0,,,,,48
teammate_video,146,teammate_video_146,bike,,0,0.0,INR,60.0,,,,,30
teammate_video,165,teammate_video_165,bike,,0,0.0,INR,60.0,,,,,30
teammate_video,187,teammate_video_187,bike,,0,0.0,INR,60.0,,,,,20
teammate_video,234,teammate_video_234,car,,0,0.0,INR,60.0,,,,,32
teammate_video,254,teammate_video_254,bike,,0,0.0,INR,60.0,,,,,82
teammate_video,267,teammate_video_267,bike,,0,0.0,INR,60.0,,,,,36
teammate_video,294,teammate_video_294,rickshaw,,0,0.0,INR,60.0,,,,,39
teammate_video,295,teammate_video_295,bike,,0,0.0,INR,60.0,,,,,41
teammate_video,330,teammate_video_330,car,,0,0.0,INR,60.0,,,,,47
teammate_video,350,teammate_video_350,bike,speeding,1,881.0,INR,60.0,85.4,68.1,247,8.23,252
teammate_video,415,teammate_video_415,car,,0,0.0,INR,60.0,,,,,57
teammate_video,416,teammate_video_416,bike,,0,0.0,INR,60.0,,,,,56
teammate_video,449,teammate_video_449,bike,speeding,1,702.5,INR,60.0,73.5,57.5,127,4.23,146
teammate_video,465,teammate_video_465,bike,,0,0.0,INR,60.0,,,,,62
teammate_video,506,teammate_video_506,bike,,0,0.0,INR,60.0,,,,,70
teammate_video,515,teammate_video_515,bike,,0,0.0,INR,60.0,,,,,170
teammate_video,532,teammate_video_532,bike,,0,0.0,INR,60.0,,,,,72
teammate_video,545,teammate_video_545,bike,,0,0.0,INR,60.0,,,,,72
teammate_video,589,teammate_video_589,rickshaw,tailgating,1,500.0,INR,60.0,,,115,3.83,80
teammate_video,599,teammate_video_599,car,,0,0.0,INR,60.0,,,,,93
teammate_video,621,teammate_video_621,bike,,0,0.0,INR,60.0,,,,,99
teammate_video,679,teammate_video_679,bike,,0,0.0,INR,60.0,,,,,92
teammate_video,714,teammate_video_714,bike,,0,0.0,INR,60.0,,,,,104
teammate_video,740,teammate_video_740,car,tailgating,1,750.0,INR,60.0,,,220,7.33,280
teammate_video,741,teammate_video_741,bike,,0,0.0,INR,60.0,,,,,107
teammate_video,826,teammate_video_826,car,,0,0.0,INR,60.0,,,,,123
teammate_video,848,teammate_video_848,bike,,0,0.0,INR,60.0,,,,,130
teammate_video,861,teammate_video_861,bike,speeding,1,1017.5,INR,60.0,94.5,71.4,288,9.6,326
teammate_video,886,teammate_video_886,bike,,0,0.0,INR,60.0,,,,,408
teammate_video,951,teammate_video_951,bike,,0,0.0,INR,60.0,,,,,124
teammate_video,975,teammate_video_975,car,speeding;tailgating,2,2030.0,INR,60.0,71.2,54.1,293,9.77,359
teammate_video,976,teammate_video_976,car,,0,0.0,INR,60.0,,,,,293
teammate_video,984,teammate_video_984,car,,0,0.0,INR,60.0,,,,,129
teammate_video,1006,teammate_video_1006,bike,,0,0.0,INR,60.0,,,,,131
teammate_video,1037,teammate_video_1037,car,,0,0.0,INR,60.0,,,,,136
teammate_video,1040,teammate_video_1040,rickshaw,,0,0.0,INR,60.0,,,,,140
teammate_video,1061,teammate_video_1061,bus,,0,0.0,INR,60.0,,,,,174
teammate_video,1087,teammate_video_1087,rickshaw,,0,0.0,INR,60.0,,,,,145
teammate_video,1127,teammate_video_1127,bike,,0,0.0,INR,60.0,,,,,146
teammate_video,1154,teammate_video_1154,car,speeding;tailgating,2,2400.0,INR,60.0,86.0,64.7,190,6.33,405
teammate_video,1200,teammate_video_1200,bike,,0,0.0,INR,60.0,,,,,356
teammate_video,1230,teammate_video_1230,rickshaw,,0,0.0,INR,60.0,,,,,157
teammate_video,1232,teammate_video_1232,bike,,0,0.0,INR,60.0,,,,,162
teammate_video,1242,teammate_video_1242,bike,,0,0.0,INR,60.0,,,,,158
teammate_video,1243,teammate_video_1243,bus,speeding,1,3284.0,INR,60.0,92.1,41.9,207,6.9,203
teammate_video,1244,teammate_video_1244,bike,,0,0.0,INR,60.0,,,,,171
teammate_video,1281,teammate_video_1281,rickshaw,,0,0.0,INR,60.0,,,,,162
teammate_video,1333,teammate_video_1333,car,,0,0.0,INR,60.0,,,,,168
teammate_video,1334,teammate_video_1334,rickshaw,,0,0.0,INR,60.0,,,,,165
teammate_video,1361,teammate_video_1361,car,speeding;tailgating,2,2152.5,INR,60.0,76.1,60.4,181,6.03,386
teammate_video,1372,teammate_video_1372,bike,,0,0.0,INR,60.0,,,,,375
teammate_video,1408,teammate_video_1408,car,,0,0.0,INR,60.0,,,,,174
teammate_video,1478,teammate_video_1478,bike,,0,0.0,INR,60.0,,,,,182
teammate_video,1507,teammate_video_1507,bus,,0,0.0,INR,60.0,,,,,188
teammate_video,1552,teammate_video_1552,bus,,0,0.0,INR,60.0,,,,,197
teammate_video,1553,teammate_video_1553,rickshaw,,0,0.0,INR,60.0,,,,,191
teammate_video,1574,teammate_video_1574,car,,0,0.0,INR,60.0,,,,,196
teammate_video,1597,teammate_video_1597,bike,speeding,1,591.5,INR,60.0,66.1,54.2,279,9.3,292
teammate_video,1620,teammate_video_1620,car,tailgating,1,750.0,INR,60.0,,,206,6.87,411
teammate_video,1621,teammate_video_1621,car,,0,0.0,INR,60.0,,,,,203
teammate_video,1622,teammate_video_1622,bike,,0,0.0,INR,60.0,,,,,220
teammate_video,1646,teammate_video_1646,car,,0,0.0,INR,60.0,,,,,200
teammate_video,1647,teammate_video_1647,car,,0,0.0,INR,60.0,,,,,200
teammate_video,1740,teammate_video_1740,car,,0,0.0,INR,60.0,,,,,220
teammate_video,1760,teammate_video_1760,car,,0,0.0,INR,60.0,,,,,217
teammate_video,1772,teammate_video_1772,bike,,0,0.0,INR,60.0,,,,,218
teammate_video,1779,teammate_video_1779,rickshaw,,0,0.0,INR,60.0,,,,,216
teammate_video,1790,teammate_video_1790,car,tailgating,1,750.0,INR,60.0,,,347,11.57,389
teammate_video,1897,teammate_video_1897,bike,,0,0.0,INR,60.0,,,,,236
teammate_video,1900,teammate_video_1900,car,speeding;tailgating,2,2025.0,INR,60.0,71.0,60.9,232,7.73,410
teammate_video,1907,teammate_video_1907,car,,0,0.0,INR,60.0,,,,,229
teammate_video,1928,teammate_video_1928,bike,,0,0.0,INR,60.0,,,,,234
teammate_video,1965,teammate_video_1965,bus,,0,0.0,INR,60.0,,,,,237
teammate_video,1986,teammate_video_1986,car,,0,0.0,INR,60.0,,,,,240
teammate_video,2066,teammate_video_2066,car,,0,0.0,INR,60.0,,,,,272
teammate_video,2072,teammate_video_2072,car,speeding;tailgating,2,2560.0,INR,60.0,92.4,62.9,379,12.63,412
teammate_video,2073,teammate_video_2073,car,,0,0.0,INR,60.0,,,,,249
teammate_video,2085,teammate_video_2085,car,,0,0.0,INR,60.0,,,,,252
teammate_video,2118,teammate_video_2118,car,,0,0.0,INR,60.0,,,,,255
teammate_video,2138,teammate_video_2138,bus,speeding,1,3108.0,INR,60.0,87.7,45.8,263,8.77,259
teammate_video,2159,teammate_video_2159,bike,,0,0.0,INR,60.0,,,,,357
teammate_video,2166,teammate_video_2166,car,speeding;tailgating,2,2595.0,INR,60.0,93.8,38.6,297,9.9,352
teammate_video,2168,teammate_video_2168,bus,,0,0.0,INR,60.0,,,,,261
teammate_video,2169,teammate_video_2169,car,,0,0.0,INR,60.0,,,,,264
teammate_video,2253,teammate_video_2253,bike,,0,0.0,INR,60.0,,,,,286
teammate_video,2282,teammate_video_2282,car,,0,0.0,INR,60.0,,,,,272
teammate_video,2283,teammate_video_2283,bike,,0,0.0,INR,60.0,,,,,306
teammate_video,2318,teammate_video_2318,bike,,0,0.0,INR,60.0,,,,,369
teammate_video,2328,teammate_video_2328,car,,0,0.0,INR,60.0,,,,,279
teammate_video,2392,teammate_video_2392,bike,tailgating,1,350.0,INR,60.0,,,364,12.13,380
teammate_video,2413,teammate_video_2413,car,,0,0.0,INR,60.0,,,,,288
teammate_video,2428,teammate_video_2428,bike,,0,0.0,INR,60.0,,,,,401
teammate_video,2441,teammate_video_2441,car,,0,0.0,INR,60.0,,,,,346
teammate_video,2509,teammate_video_2509,bike,,0,0.0,INR,60.0,,,,,380
teammate_video,2522,teammate_video_2522,car,,0,0.0,INR,60.0,,,,,412
teammate_video,2589,teammate_video_2589,bike,tailgating,1,350.0,INR,60.0,,,375,12.5,412
teammate_video,2615,teammate_video_2615,car,,0,0.0,INR,60.0,,,,,312
teammate_video,2619,teammate_video_2619,bike,,0,0.0,INR,60.0,,,,,317
teammate_video,2627,teammate_video_2627,car,,0,0.0,INR,60.0,,,,,412
teammate_video,2649,teammate_video_2649,car,,0,0.0,INR,60.0,,,,,317
teammate_video,2692,teammate_video_2692,rickshaw,,0,0.0,INR,60.0,,,,,322
teammate_video,2715,teammate_video_2715,bike,,0,0.0,INR,60.0,,,,,393
teammate_video,2738,teammate_video_2738,bike,,0,0.0,INR,60.0,,,,,328
teammate_video,2799,teammate_video_2799,bike,,0,0.0,INR,60.0,,,,,411
teammate_video,2830,teammate_video_2830,bike,,0,0.0,INR,60.0,,,,,335
teammate_video,2868,teammate_video_2868,bike,,0,0.0,INR,60.0,,,,,403
teammate_video,2894,teammate_video_2894,rickshaw,tailgating,1,500.0,INR,60.0,,,340,11.33,366
teammate_video,2915,teammate_video_2915,bike,,0,0.0,INR,60.0,,,,,386
teammate_video,2923,teammate_video_2923,car,,0,0.0,INR,60.0,,,,,348
teammate_video,2950,teammate_video_2950,car,,0,0.0,INR,60.0,,,,,365
teammate_video,2961,teammate_video_2961,car,,0,0.0,INR,60.0,,,,,349
teammate_video,2962,teammate_video_2962,car,,0,0.0,INR,60.0,,,,,351
teammate_video,2970,teammate_video_2970,bike,,0,0.0,INR,60.0,,,,,349
teammate_video,3015,teammate_video_3015,bike,,0,0.0,INR,60.0,,,,,354
teammate_video,3029,teammate_video_3029,bike,,0,0.0,INR,60.0,,,,,390
teammate_video,3077,teammate_video_3077,bike,tailgating,1,350.0,INR,60.0,,,408,13.6,412
teammate_video,3094,teammate_video_3094,bike,,0,0.0,INR,60.0,,,,,412
teammate_video,3131,teammate_video_3131,rickshaw,,0,0.0,INR,60.0,,,,,381
teammate_video,3132,teammate_video_3132,car,,0,0.0,INR,60.0,,,,,381
teammate_video,3213,teammate_video_3213,car,,0,0.0,INR,60.0,,,,,396
teammate_video,3225,teammate_video_3225,rickshaw,,0,0.0,INR,60.0,,,,,379
teammate_video,3299,teammate_video_3299,bike,,0,0.0,INR,60.0,,,,,389
teammate_video,3321,teammate_video_3321,bike,,0,0.0,INR,60.0,,,,,390
teammate_video,3394,teammate_video_3394,bike,,0,0.0,INR,60.0,,,,,400
teammate_video,3395,teammate_video_3395,car,,0,0.0,INR,60.0,,,,,398
teammate_video,3396,teammate_video_3396,bike,,0,0.0,INR,60.0,,,,,407
teammate_video,3397,teammate_video_3397,bike,,0,0.0,INR,60.0,,,,,398
teammate_video,3528,teammate_video_3528,rickshaw,,0,0.0,INR,60.0,,,,,411
teammate_video,3529,teammate_video_3529,bike,,0,0.0,INR,60.0,,,,,412
teammate_video,3539,teammate_video_3539,bike,,0,0.0,INR,60.0,,,,,410
