epoch,time,train/box_loss,train/cls_loss,train/dfl_loss,metrics/precision(B),metrics/recall(B),metrics/mAP50(B),metrics/mAP50-95(B),val/box_loss,val/cls_loss,val/dfl_loss,lr/pg0,lr/pg1,lr/pg2
1,2253.36,1.27553,1.46426,1.16958,0.93034,0.89533,0.93573,0.57405,1.29849,1.07556,1.16141,0.000665284,0.000665284,0.000665284
2,4499,1.27108,0.87417,1.17148,0.9373,0.88529,0.9448,0.55037,1.38942,0.81593,1.1763,0.00130558,0.00130558,0.00130558
3,6600.19,1.28545,0.80355,1.17591,0.91677,0.84358,0.90631,0.55787,1.31164,0.91977,1.16044,0.00191947,0.00191947,0.00191947
4,8708.44,1.24664,0.77302,1.16657,0.91778,0.91049,0.94187,0.58757,1.27898,0.7262,1.13436,0.0018812,0.0018812,0.0018812
5,10802.8,1.22546,0.71448,1.15138,0.95248,0.91828,0.9541,0.64387,1.17172,0.62389,1.11143,0.0018416,0.0018416,0.0018416
6,12831,1.20198,0.68501,1.13545,0.97308,0.9162,0.95216,0.62547,1.22684,0.61637,1.10321,0.001802,0.001802,0.001802
7,14877.2,1.17723,0.65478,1.12252,0.96886,0.93851,0.96872,0.65691,1.1345,0.57848,1.07936,0.0017624,0.0017624,0.0017624
8,17420.3,1.17608,0.633,1.12685,0.97066,0.92419,0.96575,0.60278,1.27454,0.59844,1.12083,0.0017228,0.0017228,0.0017228
9,19531.2,1.1552,0.61413,1.11237,0.96887,0.94078,0.96819,0.63008,1.22292,0.56699,1.10188,0.0016832,0.0016832,0.0016832
10,21633.3,1.15129,0.60922,1.11235,0.95624,0.94637,0.97157,0.66256,1.11542,0.55988,1.05693,0.0016436,0.0016436,0.0016436
11,23834.1,1.14031,0.59917,1.10265,0.95792,0.93073,0.96067,0.64056,1.18685,0.56609,1.07369,0.001604,0.001604,0.001604
12,26015.2,1.12323,0.57978,1.09436,0.97462,0.9486,0.96998,0.67374,1.10224,0.49482,1.0535,0.0015644,0.0015644,0.0015644
13,28155.3,1.11426,0.56921,1.08653,0.97229,0.94413,0.97551,0.67811,1.10376,0.50633,1.04614,0.0015248,0.0015248,0.0015248
14,30333.1,1.10692,0.55612,1.08624,0.96724,0.95658,0.97634,0.65618,1.15951,0.50645,1.06718,0.0014852,0.0014852,0.0014852
15,32526.5,1.10604,0.55477,1.08843,0.96836,0.94413,0.97438,0.66073,1.13865,0.5025,1.05927,0.0014456,0.0014456,0.0014456
16,34618.6,1.10291,0.54709,1.08173,0.95607,0.95754,0.97289,0.66383,1.11653,0.49284,1.04856,0.001406,0.001406,0.001406
17,36679.9,1.08891,0.53568,1.07917,0.97669,0.93632,0.97519,0.66787,1.12706,0.48429,1.0559,0.0013664,0.0013664,0.0013664
18,38749.8,1.08576,0.5333,1.07132,0.97559,0.93777,0.97665,0.67159,1.11199,0.4765,1.04537,0.0013268,0.0013268,0.0013268
19,40821.5,1.08012,0.5262,1.07351,0.96499,0.95467,0.97333,0.68303,1.0724,0.46969,1.03954,0.0012872,0.0012872,0.0012872
20,42900,1.07262,0.51805,1.07084,0.96548,0.95642,0.97405,0.68688,1.06518,0.46693,1.02842,0.0012476,0.0012476,0.0012476
21,44989.8,1.07383,0.51423,1.06711,0.96354,0.96201,0.97829,0.66901,1.12215,0.47707,1.04212,0.001208,0.001208,0.001208
22,47137.6,1.06023,0.50377,1.06829,0.97066,0.961,0.97976,0.70599,1.02741,0.44851,1.01948,0.0011684,0.0011684,0.0011684
23,49287.2,1.05735,0.49681,1.06188,0.96523,0.96162,0.97515,0.69757,1.02243,0.45729,1.01452,0.0011288,0.0011288,0.0011288
24,51486.4,1.05578,0.49506,1.05924,0.95892,0.96501,0.97743,0.69949,1.03409,0.43688,1.01787,0.0010892,0.0010892,0.0010892
25,53760.6,1.04719,0.49132,1.05203,0.96929,0.96313,0.97896,0.69584,1.05149,0.44467,1.02797,0.0010496,0.0010496,0.0010496
26,56050.2,1.04362,0.48789,1.05558,0.9675,0.96454,0.97737,0.697,1.04133,0.43377,1.01399,0.00101,0.00101,0.00101
27,58119.6,1.03581,0.4764,1.04854,0.97154,0.95367,0.97738,0.70373,1.02982,0.43187,1.01385,0.0009704,0.0009704,0.0009704
28,60166.1,1.02599,0.47682,1.04485,0.9833,0.94749,0.98083,0.70914,1.00338,0.41868,1.01227,0.0009308,0.0009308,0.0009308
29,62205.3,1.02537,0.47113,1.04782,0.9659,0.96089,0.97921,0.69365,1.06569,0.43303,1.02204,0.0008912,0.0008912,0.0008912
30,64294.9,1.01855,0.47111,1.04649,0.97164,0.95695,0.97967,0.70137,1.02825,0.42723,1.01469,0.0008516,0.0008516,0.0008516
31,66374.2,1.01216,0.4665,1.04058,0.97234,0.95754,0.97834,0.69911,1.03049,0.41616,1.01572,0.000812,0.000812,0.000812
32,68456.5,1.00707,0.46314,1.03853,0.97716,0.95614,0.97986,0.70688,1.02164,0.41218,1.00671,0.0007724,0.0007724,0.0007724
33,70532.7,1.00654,0.45688,1.04341,0.97502,0.95941,0.97935,0.70978,1.00642,0.40139,1.00689,0.0007328,0.0007328,0.0007328
34,72619.8,0.99681,0.44761,1.03781,0.97502,0.95948,0.985,0.71278,0.99798,0.40178,1.00672,0.0006932,0.0006932,0.0006932
35,74863.9,0.99663,0.44573,1.03258,0.97301,0.96689,0.98012,0.71458,0.99358,0.39847,1.00681,0.0006536,0.0006536,0.0006536
36,77152.7,0.99069,0.44087,1.03079,0.98049,0.95436,0.98038,0.712,1.00009,0.40185,1.00492,0.000614,0.000614,0.000614
37,79291.7,0.97727,0.43076,1.02476,0.97379,0.96089,0.98447,0.71489,0.99392,0.3955,1.00097,0.0005744,0.0005744,0.0005744
38,81432.4,0.98028,0.43181,1.02323,0.97292,0.96353,0.98271,0.71858,0.98247,0.382,1.00087,0.0005348,0.0005348,0.0005348
39,83550,0.96773,0.42544,1.02051,0.97259,0.96313,0.98469,0.71353,0.99809,0.38679,1.00287,0.0004952,0.0004952,0.0004952
40,85646,0.96263,0.41797,1.01934,0.9741,0.96639,0.97977,0.71259,0.99566,0.38171,1.00083,0.0004556,0.0004556,0.0004556
41,87716.9,0.94749,0.37354,1.02326,0.97944,0.95812,0.98185,0.72149,0.98858,0.38449,1.00005,0.000416,0.000416,0.000416
42,89816,0.94218,0.36931,1.01717,0.97658,0.96089,0.98674,0.71312,0.99937,0.38585,0.99772,0.0003764,0.0003764,0.0003764
43,91934,0.93334,0.36553,1.01762,0.96629,0.96983,0.98425,0.72318,0.98214,0.39094,0.99483,0.0003368,0.0003368,0.0003368
44,94000.6,0.92492,0.36188,1.01503,0.96757,0.96689,0.98112,0.71963,0.98611,0.38345,0.99622,0.0002972,0.0002972,0.0002972
45,96063.5,0.92389,0.35645,1.0113,0.97486,0.96425,0.9823,0.71186,1.00079,0.38081,0.99814,0.0002576,0.0002576,0.0002576
46,98122.5,0.90947,0.35234,1.00793,0.97722,0.95872,0.98236,0.72482,0.97582,0.3763,0.99278,0.000218,0.000218,0.000218
47,100184,0.90671,0.34607,1.00234,0.98052,0.95623,0.98094,0.7176,0.98227,0.37521,0.99224,0.0001784,0.0001784,0.0001784
48,102256,0.90212,0.34307,1.00556,0.97933,0.96089,0.98806,0.7211,0.98064,0.37183,0.9926,0.0001388,0.0001388,0.0001388
49,104371,0.89573,0.33827,0.99696,0.98074,0.95754,0.9877,0.7236,0.97745,0.37139,0.99262,9.92e-05,9.92e-05,9.92e-05
50,106508,0.88981,0.33501,0.99746,0.98058,0.95932,0.98754,0.72075,0.98047,0.36825,0.99207,5.96e-05,5.96e-05,5.96e-05
